Selection in region 4JHighxB,1600_360_60_4j_analysis_V6_Cutflow,1600_360_60_4j_analysis_V6_PAPER_CUTFLOW_Countflow,4JHighxB_relative_error_std
evtweigt 500/33354,500.00000781565905 ±2.74,500.0 ±22.36,1.1053010935595395e-08
Size(goodJets) >= 2,499.8501007556915 ±2.74,499.0 ±22.34,0.0012036080460651904
Size(goodLepts) == 1,138.37920705601573 ±1.44,388.0 ±19.70,0.6706517014722082
Pt(goodLepts) descend,138.37920705601573 ±1.44,388.0 ±19.70,0.6706517014722082
MTL > 50,116.80758112668991 ±1.32,306.0 ±17.49,0.6328138297705583
MET > 250,101.29220042005181 ±1.23,234.0 ±15.30,0.5597421286970963
Pt(goodLepts) > 25,95.2659366093576 ±1.20,215.0 ±14.66,0.5457561283573384
Size(goodJets) [] 4 6,62.04653212055564 ±0.96,35.5 ±5.96,0.3848672519948209
Size(bjet) > 0,9.848893839865923 ±0.38,9.199999809265137 ±3.03,0.04817470009133233
MET > 300,9.144330658018589 ±0.37,8.199999809265137 ±2.86,0.07699838838942377
ratio > 0.2,7.075613230466843 ±0.33,4.800000190734863 ±2.19,0.2709925550251177
AnaAplanarity > 0.01,5.126821450889111 ±0.28,4.5 ±2.12,0.09208225181655258
Meff > 1000,5.126821450889111 ±0.28,4.5 ±2.12,0.09208225181655258
MTL > 520,0.7495352998375893 ±0.11,2.5999999046325684 ±1.61,0.7812881432922238
